,epoch,mean,std
0,10,-94.02817404166666,259.63019429384224
1,20,-23.295550362499995,92.5761058485075
2,30,-15.1585053125,89.21813164848072
3,40,-12.922886269444442,87.451665651625
4,50,-12.280820519444442,85.90053784267593
5,60,-10.630445944444444,85.47338791065576
6,70,-10.938006138888888,85.35996703962614
7,80,-10.935050819444443,85.33425904042605
8,90,-10.765536284722218,85.32702755361873
9,100,-10.715849229166661,85.32441281511186
