,epoch,mean,std
0,10,-30.268146592592586,120.28146362734238
1,20,-9.68626458148148,69.05534043237473
2,30,2.532345592592596,55.01095957273992
3,40,2.6361865925925922,53.1312913336634
4,50,2.4812671296296283,52.57081422021029
5,60,1.5404491185185176,52.48214332628496
6,70,2.1473735222222223,52.294432937673946
7,80,2.0044338703703684,52.283948919865615
8,90,2.059177542592592,52.25513372744866
9,100,2.085432275925926,52.24975990562274
