,epoch,mean,std
0,10,7.12166482361111,86.36533579993414
1,20,2.394905061805556,46.138459634681766
2,30,-1.5191610999999976,41.617568065100095
