,epoch,mean,std
0,10,27.108171938888887,86.14930332452096
1,20,2.7324996111111153,46.232193758498724
2,30,-3.095546377777776,42.13174258655782
