,epoch,mean,std
0,10,1.2439134312499989,71.56304496329886
1,20,5.4094470861111095,40.976803515291564
2,30,0.9795537222222209,36.504033895339944
