,epoch,mean,std
0,10,-14.375184486111117,110.19559745053944
1,20,2.0716014861111143,44.278406794754936
2,30,-1.6526162250000025,36.70515134284226
