,epoch,mean,std
0,10,-9.850327872222223,94.12071803891446
1,20,0.784019694444444,43.776030896771246
2,30,-3.92477102916667,37.062281503766584
