,epoch,mean,std
0,10,-24.135893777777767,668.5934070272981
1,20,-20.818086347222206,624.2788373428714
2,30,-23.24977075000001,584.8565486901125
3,40,-16.622065958333334,573.1222779458844
4,50,-19.386692027777773,564.4354839580634
5,60,-20.024067263888885,561.3683723122249
6,70,-18.093090930555558,560.8527470825666
7,80,-18.171498319444442,560.4461061365504
8,90,-18.034319458333346,560.3224729447488
9,100,-17.99683256944444,560.297293031009
