,epoch,mean,std
0,10,-39.61600144444445,379.7442672995309
1,20,-53.337971981481495,233.21914238365238
2,30,-59.39539937037038,181.30516362811136
3,40,-42.099393629629624,162.01593110214938
4,50,-34.33439718518518,149.13820990533847
5,60,-34.57611770370371,144.2079157721265
6,70,-33.68186425925926,143.40795877053802
7,80,-32.8656832962963,142.96997128580665
8,90,-32.71266700740741,142.77837740461618
9,100,-32.75074098148148,142.73035691434458
